{
	"partitions" : [
		{
			"name" : "Top",
			"pins" : [
				{
					"name" : "seg10[6]",
					"strict" : false
				},
				{
					"name" : "seg10[5]",
					"strict" : false
				},
				{
					"name" : "seg10[4]",
					"strict" : false
				},
				{
					"name" : "seg10[3]",
					"strict" : false
				},
				{
					"name" : "seg10[2]",
					"strict" : false
				},
				{
					"name" : "seg10[1]",
					"strict" : false
				},
				{
					"name" : "seg10[0]",
					"strict" : false
				},
				{
					"name" : "seg11[6]",
					"strict" : false
				},
				{
					"name" : "seg11[5]",
					"strict" : false
				},
				{
					"name" : "seg11[4]",
					"strict" : false
				},
				{
					"name" : "seg11[3]",
					"strict" : false
				},
				{
					"name" : "seg11[2]",
					"strict" : false
				},
				{
					"name" : "seg11[1]",
					"strict" : false
				},
				{
					"name" : "seg11[0]",
					"strict" : false
				},
				{
					"name" : "seg12[6]",
					"strict" : false
				},
				{
					"name" : "seg12[4]",
					"strict" : false
				},
				{
					"name" : "seg12[3]",
					"strict" : false
				},
				{
					"name" : "seg12[2]",
					"strict" : false
				},
				{
					"name" : "seg12[1]",
					"strict" : false
				},
				{
					"name" : "seg12[0]",
					"strict" : false
				},
				{
					"name" : "seg7[6]",
					"strict" : false
				},
				{
					"name" : "seg7[5]",
					"strict" : false
				},
				{
					"name" : "seg7[4]",
					"strict" : false
				},
				{
					"name" : "seg7[3]",
					"strict" : false
				},
				{
					"name" : "seg7[2]",
					"strict" : false
				},
				{
					"name" : "seg7[1]",
					"strict" : false
				},
				{
					"name" : "seg7[0]",
					"strict" : false
				},
				{
					"name" : "seg8[6]",
					"strict" : false
				},
				{
					"name" : "seg8[5]",
					"strict" : false
				},
				{
					"name" : "seg8[4]",
					"strict" : false
				},
				{
					"name" : "seg8[3]",
					"strict" : false
				},
				{
					"name" : "seg8[2]",
					"strict" : false
				},
				{
					"name" : "seg8[1]",
					"strict" : false
				},
				{
					"name" : "seg8[0]",
					"strict" : false
				},
				{
					"name" : "seg9[6]",
					"strict" : false
				},
				{
					"name" : "seg9[5]",
					"strict" : false
				},
				{
					"name" : "seg9[4]",
					"strict" : false
				},
				{
					"name" : "seg9[3]",
					"strict" : false
				},
				{
					"name" : "seg9[2]",
					"strict" : false
				},
				{
					"name" : "seg9[1]",
					"strict" : false
				},
				{
					"name" : "seg9[0]",
					"strict" : false
				},
				{
					"name" : "J_K",
					"strict" : false
				},
				{
					"name" : "RESET",
					"strict" : false
				},
				{
					"name" : "CLK",
					"strict" : false
				}
			]
		}
	]
}